	S=Social, G=Gather, B=Bounty			[NM]/are Normal/Affinity Missions, see their respective tabs for details						
Name	Type	Client	Location	BL	Story	Prereqs	Gold	Exp	Reward	Objectives
Suid Sweep (Brass)	B☆	Pathfinders	Primordia	1	-	-	1500	10	Melee Accuracy Up II	Kill 4 Brass Suids
Archibolt, the Revolutionary	B☆	Harriers	Primordia	1	-	-	1500	10	Bargain Jacket	Kill Archibolt, the Revolutionary
Arms Testers Wanted (Titanium Knife II)	B☆	Outfitters	Primordia	1	-	-	1500	10	Prototype Trekware	Kill 4 Creeping Blatta with a Titanium Knife II
Sirene, the Lost	B☆☆	Pathfinders	Primordia	1	-	-	1500	10	Bargain Sunglasses	Kill Sirene, the Lost
Mortifole Mulching	B☆	Interceptors	Noctilum	1	3	-	1500	10	Bargain Tank Top (Green)	Kill 5 Lake Mortifole
Blatta Splatter	B☆	Prospectors	Oblivia	1	3	-	1500	10	Potential Up II	Kill 3 Zeppelin Blattas
Squashing Scirpos	B☆	Pathfinders	Noctilum	1	3	-	1500	10	Bargain Trousers	Kill 5 Amrita Scirpo
Thinning the Thalluses	B☆	Prospectors	Oblivia	1	3	-	1500	10	Bargain Hoodie	Kill 3 Recluse Thallus
Desdemona, the Subterranean	B☆☆	Harriers	Noctilum	1	3	-	1500	10	Bargain Sport Glasses	Kill Desdemona, the Subterranean
Evello Eradication	B☆☆	Curators	Oblivia	1	3	-	1500	10	Prototype Workpants	Kill 5 Wasteland Evello
Melanya, the Sound Sleeper	B☆☆	Pathfinders	Oblivia	1	3	-	1500	10	Prototype Scouter	Kill Melanya, the Sound Sleeper
Offing Ovis	B☆☆☆☆	Pathfinders	Sylvalum	1	3	-	25000	100	Stabilizer II	Kill 5 White Owis
Germivores No More	B☆☆☆☆☆	Interceptors	Sylvalum	1	3	-	25000	100	Prototype BLADE Wear	Kill 8 Echo Germivores
Blatta Splatter	B☆☆☆☆☆	Curators	Cauldros	1	3	-	30000	150	Bargain Turtleneck	Kill 4 Rust Blatta
Arms Testers Wanted (Soldier Avagar)	B☆☆	Outfitters	Primordia	2	-	-	2500	10	Scouter	Kill 4 Night Vespers with a Soldier Avagar
Tourteau, the Delectable	B☆☆	Harriers	Primordia	2	-	-	2500	10	Melee Attack Up II	Kill Tourteau, the Delectable
Roderick, the Fleet-Footed	B☆☆	Curators	Primordia	2	-	-	2500	10	Tank Top (Red)	Kill Roderick, the Fleet-Footed
Adsecula Extermination	B☆☆☆	Interceptors	Primordia	2	-	-	2500	10	BLADE Pants	Kill 6 Shadow Adsecula
Offing Ovis	B☆☆☆	Prospectors	Primordia	2	-	-	2500	10	Turtleneck	Kill 6 Docile Ovis
Celedonio, the Battle-Tested	B☆☆	Harriers	Oblivia	2	3	-	2500	10	Tank Top (Violet)	Kill Celedonio, the Battle-Tested
Schneider, the Cliffpercher	B☆☆	Harriers	Noctilum	2	3	-	2500	10	Tank Top (Yellow)	Kill Schneider, the Cliffpercher
Edgardo, the Carefree	B☆☆☆	Reclaimers	Oblivia	2	3	-	2500	10	Tee	Kill Edgardo, the Carefree
Offing Ovis	B☆☆☆	Reclaimers	Oblivia	2	3	-	2500	10	Trousers	Kill 6 Prowler Ovis
Fending Off Forfexes	B☆☆☆☆	Interceptors	Noctilum	2	3	-	2500	10	Workwear	Kill 3 Cobalt Forfexes
Yune, the Ambusher	B☆☆☆☆☆	Prospectors	Sylvalum	2	3	-	50000	200	Hoodie	Kill Yune, the Ambusher
Hephaestus, the Absconder	B☆☆☆	Harriers	Primordia	3	-	-	3000	20	Theroid Slayer II	Kill Hephaestus, the Absconder
The Fearsome Placid Duoguill	B☆☆☆☆	Pathfinders	Primordia	3	-	-	3000	20	Limited Workwear	Kill 2 Placid Duoguills
Mesgen, the Fairweathered	B☆☆☆☆	Prospectors	Primordia	3	-	-	3000	20	Limited Turtleneck	Kill Mesgen, the Fairweathered
Casper, the Unhealthy Eater	B☆☆☆☆	Curators	Primordia	3	-	-	3000	20	Max HP Up IV	Kill Casper, the Unhealthy Eater
Arms Testers Wanted (Warrior Raygun)	B☆☆☆	Outfitters	Noctilum	3	3	-	3000	20	Insectoid Slayer II	Kill 2 Raging Simius with a Warrior Raygun
Pounding Puges	B☆☆☆☆	Pathfinders	Cauldros	3	3	-	25000	250	Insectoid Criticals Up II	Kill 3 Porter Puges
Oskar, the Summer Squall	B☆☆☆☆	Pathfinders	Noctilum	3	3	-	3000	20	Limited Shorts	Kill Oskar, the Summer Squall
Elian, the Unmoved	B☆☆☆☆	Harriers	Oblivia	3	3	-	3000	20	Limited Hoodie	Kill Elian, the Unmoved
Arms Testers Wanted (Chrome Shield)	B☆☆☆☆	Outfitters	Noctilum	3	3	-	3000	20	Redesigned Tank Top (Gray)	Kill 5 Spring Unafulges with a Chrome Shield
Taming Tectinsulas	B☆☆☆☆	Prospectors	Oblivia	3	3	-	3000	20	Max TP Up IV	Kill 7 Clay Tectinsula
Papil Punisher	B☆☆☆☆☆	Interceptors	Sylvalum	3	3	-	20000	150	Resist Topple II	Kill 5 Sorceror Papils
Arms Testers Wanted (Warrior Dual Guns)	B☆☆☆☆☆	Outfitters	Cauldros	3	3	-	30000	250	Limited Tank Top (Pink)	Kill 4 Thulium Petramand with a Warrior Dual Guns
Squashing Scirpos	B☆☆☆☆☆	Interceptors	Primordia	4	-	-	3500	20	Limited Workpants	Kill 5 Jade Scirpos
Papil Punisher	B★☆	Interceptors	Primordia	4	-	-	3500	20	Limited BLADE Trousers	Kill 7 Lake Papils
Yessenia, the Husky-Voiced	B☆☆☆☆	Harriers	Noctilum	4	3	-	3500	20	Boost.R-ATK IV	Kill Yessenia, the Husky-Voiced
Mephite Mayhem	B☆☆☆☆	Interceptors	Oblivia	4	3	-	3500	20	Redesigned Turtleneck	Kill 6 Stray Mephites
Sundering Saltats	B☆☆☆☆☆	Reclaimers	Noctilum	4	3	-	3500	20	Limited Trousers	Kill 2 Jocular Saltats
Alfombra, the Transcendent	B☆☆☆☆☆	Reclaimers	Noctilum	4	3	-	3500	20	Boost.HP-MAX IV	Kill Alfombra, the Transcendent
Culling Caecuses	B☆☆☆☆☆	Interceptors	Cauldros	4	3	-	15000	150	SpecUp.BEAM-RES IV	Kill 4 Thug Caecuses
Vanquishing Visigels	B☆☆☆☆☆	Curators	Cauldros	4	3	-	15000	150	Redesigned Tank Top (Violet)	Kill 4 Coast Visigels
Angelita, the Blade Bouquet	B☆☆☆☆	Drongo Caravan	Cauldros	4	5	BFFs	15000	150	SpecUp.PHYS-RES IV	Kill Angelita, the Blade Bouquet
Dieter, the Epicure	B★☆	Pathfinders	Primordia	5	-	-	5000	30	Upgraded Trekpants	Kill Dieter, the Epicure
Ridill, the Arrogant	B★☆☆	Harriers	Primordia	5	-	-	5000	30	Redesigned Shorts	Kill Ridill, the Arrogant
Plucking Auravises	B★☆☆	Interceptors	Primordia	5	-	-	5000	30	Redesigned Hoodie	Kill 2 Reaver Auravises
Adsecula Extermination	B☆☆☆☆	Curators	Sylvalum	5	3	-	5000	50	Redesigned Tank Top (Orange)	Kill 4 Sparrow Adsecula
Asana, the Azure Star	B☆☆☆☆☆	Pathfinders	Sylvalum	5	3	-	5000	50	Redesigned Tank Top (Green)	Kill Asana, the Azure Star
Mikulas, the Keystone	B☆☆☆☆☆	Pathfinders	Sylvalum	5	3	-	5000	50	Boost.F-ACC IV	Kill Mikulas, the Keystone
Axing Falsaxum	B☆☆☆☆☆	Interceptors	Oblivia	5	3	-	5000	30	Redesigned Sunglasses	Kill 6 Lake Falsaxum
Ludvik, the Picky Eater	B☆☆☆☆☆	Curators	Oblivia	5	3	-	5000	30	Potential IV	Kill Ludvik, the Picky Eater
Laying Lophids Low	B☆☆☆☆☆	Interceptors	Cauldros	5	3	-	5000	100	Redesigned Turtleneck	Kill 5 Blazing Lophids
Arms Testers Wanted (Ophidian Psylans)	B★☆	Outfitters	Noctilum	5	3	-	5000	30	Upgraded Workwear	Kill 3 Spear Insida with Ophidian Psylans
Aria, the Zauberflöte	B★☆	Curators	Noctilum	5	3	-	5000	30	Upgraded BLADE Pants	Kill Aria, the Zauberflöte
Laying Lophids Low	B☆☆☆☆☆	Reclaimers	Primordia	6	-	-	7500	40	PositionDmg.FRONT VI	Kill 3 Ocean Lophids
Ictus Infestation	B☆☆☆☆☆	Prospectors	Primordia	6	-	-	7500	40	Prime Tank Top (White)	Kill 3 Inferno Ictuses
Sundering Saltats	B★☆☆☆	Reclaimers	Primordia	6	-	-	7500	40	Prime Trekpants	Kill 4 Viridian Saltat
Mortifole Mulching	B★☆☆☆	Prospectors	Primordia	6	-	-	7500	40	Prime Workwear	Kill 4 Pit Mortifoles
Bogdan, the Dense	B★☆☆☆	Reclaimers	Primordia	7	-	-	10000	50	Upgraded BLADE Wear II	Kill Bogdan, the Dense
Aprica Assault	B★★	Prospectors	Primordia	6	-	-	7500	40	Prime Shorts	Kill 2 Daylight Aprica
Nixing Lepyxes	B☆☆☆	Dopang Caravan	Sylvalum	6	3	BFFs	7500	40	SpecUp.ELEC-RES VI	Kill 3 Pollen Lepyxes
Suid Sweep (Forest)	B☆☆☆☆	Interceptors	Noctilum	6	3	-	7500	40	Mechanoid Criticals Up VI	Kill 5 Forest Suid
Marnuck Masher	B☆☆☆☆	Interceptors	Cauldros	6	3	-	7500	50	Max HP Up VI	Kill 4 Marnuk Soldiers
Pounding Puges	B☆☆☆☆☆	Prospectors	Sylvalum	6	3	-	7500	40	Prime Tank Top (Navy)	Kill 6 Knight Puges
Shrad Shredder	B☆☆☆☆☆	Curators	Cauldros	6	3	-	7500	50	Prime Tank Top (Red)	Kill 5 Fleet Shrad
Night Combat Puge	B☆☆☆☆☆	Harriers	Cauldros	6	3	-	7500	50	Prime Tank Top (Green)	Kill Night Combat Puge
Grex Wrecker	B★☆	Reclaimers	Oblivia	6	3	-	7500	40	Ultra Limited Tank Top (Black)	Kill 6 Scourer Lupus
Ridding Insidias	B★☆	Reclaimers	Noctilum	6	3	-	7500	40	Ultra Limited Tank Top (Navy)	Kill 6 Javelin Insidias
Sviatoslav, the Reproachful	B★☆	Reclaimers	Oblivia	6	3	-	7500	40	Ultra Limited Tank Top (Pink)	Kill Sviatoslav, the Reproachful(rain)
Ridding Insidias	B★☆	Prospectors	Oblivia	6	3	-	7500	40	Ultra Limited Tank Top (ArmyYellow)	Kill 3 Vermillion Insidias
Shinhwa, the Sagacious	B★☆☆	Pathfinders	Noctilum	6	3	-	7500	40	High-Spec Scouter	Kill Shinhwa, the Sagacious
Purgovent Purge	B☆☆	Dorian Caravan	Oblivia	6	5	BFFs	7500	40	Jamming VI	Kill 5 Coral Purgovents
Marnuck Masher	B☆☆☆	Drongo Caravan	Cauldros	6	5	BFFs	7500	50	Evasion Up VI	Kill 5 Marnuck Aspirers
Ferdinand, the Fortuitous	B☆☆☆☆	Dorian Caravan	Oblivia	6	5	BFFs	7500	40	Resist Stagger VI	Kill Ferdinand, the Fortuitous
Duoguill Duty	B☆☆☆☆☆	Dorian Caravan	Oblivia	6	5	BFFs	7500	40	Prime Tank Top (Black)	Kill 4 Thunder Duoguill
Clemente, the Iron Meteor	B☆☆☆☆☆	Dodonga Caravan	Noctilum	6	5	BFFs	7500	40	Ultra Limited White Tank Top	Kill Clemente, the Iron Meteor
Murra Master	B☆☆☆☆☆	Dopang Caravan	Sylvalum	6	5	BFFs	7500	40	Ultra Limited Tank Top (Green)	Klil 5 Hushed Murra
Thinning the Thalluses	B☆☆☆☆☆	Dodonga Caravan	Noctilum	6	5	BFFs	7500	40	Ultra Limited Tank Top (Army Green	Kill 3 False Thalluses
Camille, the Immortal	B☆☆☆☆☆	Dopang Caravan	Sylvalum	6	5	BFFs	7500	40	Prime Jacket	Kill Camille, the Immortal
Vilem, the Gold-Scaled	B★☆	Dorian Caravan	Oblivia	6	5	BFFs	7500	40	Prime Sunglasses	Kill Vilem, the Gold-Scaled
Mincing Millesaurs	B★☆☆☆☆	Prospectors	Primordia	7	-	-	10000	50	Ultra Limited Hoodie	Kill 2 Everlasting Millesaurs
Lockhart, the Killer of Hope	B☆☆☆☆☆	Harriers	Sylvalum	7	3	-	10000	50	Stabilizer VIII	Kill Lockhart, the Killer of Hope
Sadar, the Unhinged	B☆☆☆☆☆	Prospectors	Sylvalum	7	3	-	10000	50	SpecUp.ETHER-RES VIII	Kill Sadar, the Unhinged
doren	B★☆	Pathfinders	Sylvalum	7	3	-	10000	50	SpecUp.THERM-RES VIII	
Dobromila, the Alluring	B★☆	Prospectors	Sylvalum	7	3	-	10000	50	Melee: Beam Res Down VIII	Kill Dobromila, the Alluring
Jacul Jaunt	B★☆	Interceptors	Sylvalum	7	3	-	10000	50	Physical Attack Plus VIII	Kill 4 Rocket Jaculs
Eddy, the Electric Heat	B★☆	Pathfinders	Cauldros	7	3	-	10000	50	Ruthless Uniform	Kill Eddy, the Electric Heat
Dawid, the Destrier	B★☆	Harriers	Cauldros	7	3	-	10000	50	Ultra Limited Sunglasses	Kill Dawid, the Destrier
Arms Testers Wanted (Chromoly Parce)	B★☆☆	Outfitters	Oblivia	7	3	-	10000	50	Upgraded Workwear II	Kil 4 Ancient Progens with a Chromoly Parce
Vittorio, the Battle-Scarred	B★☆☆	Reclaimers	Oblivia	7	3	-	10000	50	Ultra Limited Sport Glasses	Kill Vittorio, the Battle-Scarred
Germivores No More	B★☆☆☆	Interceptors	Noctilum	7	3	-	10000	50	Upgraded BLADE Pants II	Kill 5 Terrible Germivores
Si-el, the Vacuous	B★☆☆☆	Prospectors	Noctilum	7	3	-	10000	50	Ultra Limited Jacket	Kill Si-el, the Vacuous
Fending Off Forfexes	B★☆☆☆	Pathfinders	Oblivia	7	3	-	10000	50	Ultra Limited Trousers	Kill 7 Native Forfexes
Lambert, the Divine Wind	B★☆☆☆☆	Dodonga Caravan	Noctilum	7	5	BFFs	10000	50	Ultra Limited Tee	Kill Lambert, the Divine Wind
Hayreddin, the Territorial	B★☆☆☆☆	Pathfinders	Primordia	8	-	-	15000	60	Supreme Trousers	Kill Hayreddin, the Territorial
Turba Tracker	B★☆☆	Interceptors	Sylvalum	8	3	-	15000	60	Supreme Tank Top (Red)	Kill 6 Gloam Turba
Andrei, the Cunning	B★☆☆	Curators	Sylvalum	8	3	-	15000	60	Supreme Tank Top (Yellow)	Kill Andrei, the Cunning
Ictus Infestation	B★☆☆	Prospectors	Cauldros	8	3	-	15000	60	Supreme Tank Top (White)	Kill 6 Warlord Ictuses
Arms Testers Wanted (Cermet Slair)	B★☆☆	Outfitters	Cauldros	8	3	-	15000	60	Supreme Tank Top (Gray)	Kill 5 Erbium Petramands with a Cermet Slair
Prinsipe, the Ravenous	B★☆☆	Prospectors	Cauldros	8	3	-	15000	60	Supreme Trekware	Kill Prinsipe, the Ravenous
Izgnanie, the Smoldering	B★☆☆	Harriers	Cauldros	8	3	-	15000	60	Supreme Workwear	Kill Izgnanie, the Smoldering
Ernest, the Contemplative	B★☆☆☆	Harriers	Oblivia	8	3	-	15000	60	Supreme BLADE Wear	Kill Ernest, the Contemplative
Arms Testers Wanted (Cermet Blades)	B★☆☆☆	Outfitters	Oblivia	8	3	-	15000	60	Supreme BLADE Pants	Kill 5 Fearsome Ictus with Cermet Blades
Pugilith Pounder	B★☆☆☆	Reclaimers	Cauldros	8	3	-	15000	60	Supreme Jacket	Kill 5 Broadsword Pugilith
Dilus Destroyer	B★☆☆☆☆	Curators	Noctilum	8	3	-	15000	60	Supreme Sport Glasses	Kill 3 Merciful Dilus
Ramus, the Supersonic	B★☆☆	Dobarn Caravan	Sylvalum	8	9	BFFs,A Girl's Wings	15000	60	Supreme Tank Top (Navy)	Kill Ramus, the Supersonic
Simius Smackdown	B★☆☆☆☆	Dorian Caravan	Oblivia	8	5	BFFs	15000	60	Supreme Shorts	Kill 5 Mortal Simius
Caesar, the Hundred-Eyed	B★★	Prospectors	Primordia	9	-	-	20000	70	Supreme Tank Top (Yellow Camo)	Kill Casear, the Hundred-Eyed
Stola, the Unchained	B★☆☆☆	Pathfinders	Sylvalum	9	3	-	20000	70	Custom Tank Top (Black Camo)	Kill Stola, the Unchained
Eisen, the Ebon Rock	B★☆☆☆	Harriers	Cauldros	9	3	-	20000	70	Supreme Glasses	Kill Eisen, the Ebon Rock
Coil, the Neverending	B★☆☆☆	Harriers	Cauldros	9	3	-	20000	70	Supreme Search Scope	Kill Coil, the Neverending
Silvestre, the Morning Light	B★☆☆☆☆	Harriers	Oblivia	9	3	-	20000	70	Custom Tank Top (Black Camo)	Kill Silvestre, the Morning Light
Barnabas, the Despot	B★☆☆☆☆	Reclaimers	Oblivia	9	3	-	20000	70	Disguise	Kill Barnabas, the Despot
Arms Testers Wanted (Carbide Saber)	B★☆☆☆☆	Outfitters	Sylvalum	9	3	-	20000	70	Custom Search Scope	Kill an Assault Launcher Zig with a Carbide Saber
Tersqual Takedoen	B★☆☆☆☆	Interceptors	Sylvalum	9	3	-	20000	70	Custom Glasses	Kill 5 Lively Tersquals
Arms Testers Wanted (Delta Retic)	B☆☆☆☆☆	Outfitters	Cauldros	9	3	-	20000	70	Supreme Tank Top (Army Green)	Kill 3 Barbed Rook Qmoevas with a Delta Retic
Sarcosuchus, the Iron-Eater	B★★	Harriers	Noctilum	9	3	-	20000	70	Supreme Tank Top (Black Camo)	Kill Sarcosuchus, the Iron-Eater
Arms Testers Wanted (Delta Machine)	B★★	Outfitters	Noctilum	9	3	-	20000	70	Supreme Tank Top (Pink Camo)	Kill 3 Fiendish Virago with a Delta Machine
Aeviter Ace	B★☆☆☆	Dopang Caravan	Sylvalum	9	5	BFFs	20000	70	Custom Tank Top (Yellow Camo)	Kill 4 Sand Aeviters
Squashing Scirpos	B★★	Interceptors	Primordia	10	-	-	25000	80	Rare Tank Top (Yellow Camo)	Kill 5 Native Scirpo
Anselm, the Triumphant	B★☆☆☆☆	Harriers	Sylvalum	10	3	-	25000	80	Rare Tank Top (Green Camo)	Kill Anselm, the Triumphant
Candelario, the Bronze	B★☆☆☆☆	Curators	Sylvalum	10	3	-	25000	80	Rare Tank Top (Black Camo)	Kill Candelario, the Bronze
Vainamo, the Bellower	B★☆☆☆☆	Pathfinders	Cauldros	10	3	-	25000	80	Transcendent Uniform	Kill Vainamo, the Bellower
Plucking Auravises	B★★	Interceptors	Oblivia	10	3	-	25000	80	Rare Search Scope	Kill 7 Tempest Auravis
Petramand Patrol	B★★	Reclaimers	Oblivia	10	3	-	25000	80	Rare Gauze Eyepatch	Kill 8 Malium Petramand
Ictus Infection	B★★	Prospectors	Sylvalum	10	3	-	25000	80	Rare Tank Top (Black Camo)	Kill 4 Hermit Ictus
Goliath, the Stronghold	B★★	Prospectors	Sylvalum	10	3	-	25000	80	Custom Diving Bodywear,Custom Diving Band R,Custom Diving Band L	Kill Goliath, the Stronghold
Laurencio, the Fog Bow	B★★	Reclaimers	Sylvalum	10	3	-	25000	80	Custom Snorkel,Custom Swimming Bottoms	Kill Laurencio, the Fog Bow
Petramand Patrol	B★★	Curators	Cauldros	10	3	-	25000	80	Rare Glasses	Kill 4 Terbium Petramand
Vortice, the Deific Blast	B★★	Harriers	Cauldros	10	3	A Girl's Wings	25000	80	Custom Swimsuit Top,Custom Swimmer's Band R,Custom Swimmer's Band L	Kill Vortice, the Deific Blast
Ya-rhat, the Thundercloud	B★★	Dorongo Caravan	Cauldros	10	5	BFFs	25000	80	Rare Heart Glasses	Kill Ya-rhat, the Thundercloud				
Acorn...Abacuses?	G☆	Economist	Primordia	1	-	-	1500	10	Ranged Attack Up II	Collect 3 Acorn Abacuses
Behold the Cranjelly	G☆	Integrated Production Plant	Primordia	1	-	-	1500	10	Bargain Tank Top (Black)	Collect 4 Cranjelly
Partners in Pearls	G☆	Curators	Primordia	1	-	-	1500	10	Bargain Tank Top (Navy)	Collect 4 Sanelac Pearls
A Clandestine Operation	G☆	Mediators	Primordia	1	-	-	1500	10	Evasion Up II	Collect 5 Crush Rings
Suid Sirloin	G☆	Diner Chef	Primordia	1	-	-	1500	10	Bargain Tee	Collect 1 Suid Fillet
Rabbit Research	G☆☆	Biologist	Primordia	1	-	-	1500	10	Bargain Jeans	Collect 3 Zizi Rabbits
The Next Big Thing	G☆	Apparel Maker Staff	Noctilum	1	3	-	1500	10	Bargain Shorts	Collect 1 Scirpo Silk
From Idea to Inventory	G☆	General Store Manager	Oblivia	1	3	-	1500	10	Bargain Round Sunglasses	Collect 2 Opaque Mirrors
Partners in Prototyping	G☆	Granada GG	Noctilum	1	3	-	1500	10	Resist Stagger II	Collect 1 Blue Forfex Shell
The Fail Parade	G☆☆	Cafe Employee	Noctilum	1	3	-	1500	10	Prototype Trekpants	Collect 3 Sea Anemone Plates
Indigen Investigation	G☆☆	Biologist	Noctilum	1	3	-	1500	10	Prototype Workwear	Collect 2 Golden Mortifole Feathers
Partners in Prototyping	G☆☆☆☆	Sakuraba Industries	Sylvalum	1	3	-	30000	100	Bargain Tank Top (Army Yellow)	Collect 2 Glowing Retinas
Skell Repair: Optics	G☆☆☆☆☆	Male Mechanic	Cauldros	1	3	-	35000	150	Prototype BLADE Pants	Collect 3 Shrad Eyes
House of Cards	G☆☆☆☆☆	Yardley	Admin District	-	5	Yardley's Scheme	--	150	Unlocks Avatar remaking	Collect the missing Keycard(near Doug's hangout); Deliver it to Yardley between 12:00~16:59; Talk to Yardley below the Hangar(water level) between 0:00~5:00
Skell Repair: Balancer	G☆	Male Mechanic	Primordia	2	-	-	2500	10	Resist Flinch II	Collect 5 Broken Pincers
A New Taste Sensation	G☆☆	Gastronomist	Primordia	2	-	-	2500	10	Tank Top (Blue)	Collect 8 Ajira Melons
Elusive Orewood	G☆☆	Curators	Primordia	2	-	-	2500	10	Trekware	Collect 2 Arnacian Orewood
Clean and Green	G☆☆	Purification Plant Engineer	Primordia	2	-	-	2500	10	Round Sunglasses	Collect 1 Cleansing Moss
Hazmat Hunt	G☆☆☆	BLADE HQ	Primordia	2	-	-	2500	10	Shorts	Collect 2 Auroran Bones
Indigen Investigation	G☆	Biologist	Noctilum	2	3	-	2500	10	EXP Boost II	Collect 1 Saltat Horn
From Idea to Inventory	G☆	General Store Manager	Oblivia	2	3	-	2500	10	Weapon Attack Power Up II	Collect 1 Beryl Aetrygon Horn
Reclaiming the Whale	G☆☆☆	Reclaimers	Noctilum	2	3	-	2500	10	Trekpants	Collect 6 Gesture Gloves
A History Lesson	G☆☆☆	Historian	Oblivia	2	3	-	2500	10	Workpants	Collect 8 Sandstone Etchings
Lilting Lilies	G☆☆☆	Male BLADE	Noctilum	2	3	-	2500	10	BLADE Wear	Collect 6 Lea Lilies
Gaga for Guavas	G☆☆☆	Diner Chef	Noctilum	2	3	-	2500	10	Jeans	Collect 7 Socha Guavas
Reclaiming the Whale	G☆☆☆☆	Reclaimers	Sylvalum	2	3	-	30000	100	Tank Top (White)	Collect 5 Cordless Transformers
A Spicy New Spark	G☆☆☆☆	Grenada GG	Cauldros	2	3	-	35000	150	Max TP Up II	Collect 5 Charged Cayennes
The Skell Spectrum	G☆☆☆☆	Male Mechanic	Cauldros	2	3	-	35000	150	Tank Top (Gray)	Collect 3 Exalting Paint
Dirty Work	G☆☆☆☆	Prospectors	Cauldros	2	3	-	35000	150	Sport Glasses	Collect 3 Zalon Dirt
Popular Peppers	G☆☆☆☆	Restaurant Owner	Oblivia	2	3	-	2500	10	Sunglasses	Collect 3 Will Peppers
No Friends Like Nopon	G☆☆☆	Interceptors	Noctilum	2	5	BFFs	2500	10	Jacket	Collect 2 Babaco Leaves
Primordian Cavern Crawl	G☆☆☆☆	Geologist	Primordia	3	-	-	3000	20	Limited Tank Top (Black)	Collect 11 Grinding Squirrels
An Ancient Mystery	G☆☆☆☆	Historian	Primordia	3	-	-	3000	20	Redesigned Tank Top (White)	Collect 8 Ancient Allure
A Repairman's Resolve	G☆☆☆☆☆	Female Mechanic	Primordia	3	-	-	3000	20	Limiteded Jeans	Collect 7 High Accelerators
Filter Testing	G☆☆☆	Purification Plant Engineer	Noctilum	3	3	-	3000	20	Limited Tank Top (Orange)	Collect 5 Transparent Membranes
A Look at Lichen	G☆☆☆	Botanist	Noctilum	3	3	-	3000	20	Limited Tank Top (Army Yellow)	Collect 2 Tectinsula Back Moss
From Idea to Inventory	G☆☆☆	General Store Manager	Oblivia	3	3	-	3000	20	Melee: Blackout II	Collect 2 Aprica Back Moss
The Jewelmonger	G☆☆☆☆	Omari	Sylvalum	3	3	-	25000	150	Tank Top (Army Green)	Collect 2 Giant Blue Pearls
Glamor Girl	G☆☆☆☆	Female BLADE	Sylvalum	3	3	-	25000	150	Upgraded Trekpants	Collect 5 Queen's Raptures
A Crickety Cure	G☆☆☆☆	General Store Manager	Sylvalum	3	3	-	25000	150	Limited Tank Top (Navy Blue)	Collect 3 Glassy Crickets
Xenotech Survey	G☆☆☆☆	BLADE HQ	Noctilum	3	3	-	3000	20	Limited Sunglasses	Collect 4 Hexagauge
Lost Memento	G☆☆☆☆	Female BLADE	Oblivia	3	3	-	3000	20	Redesigned Orange Tank Top	Collect 1 Locket
Finding Morrows Today	G☆☆☆☆	Botanist	Noctilum	3	3	-	3000	20	Redesigned Green Tank Top	Collect 5 Flowering Morrow Fern
The Scrubdown	G☆☆☆☆	Male Mechanic	Oblivia	3	3	-	3000	20	Redesigned Tank Top (Blue)	Collect 3 Hard Pom-Poms
The Next Big Thing	G☆☆☆☆☆	Apparel Maker Staff	Cauldros	3	3	-	30000	250	Redesigned Sunglasses	Collect 2 Petramand Black Silk
A New Audience	G☆☆☆☆☆	Apparel Maker Staff	Primordia	3	5	-	3000	20	Limited Tee	Collect 6 US-X Space Suits
Bloodsuckers	G☆☆☆☆☆	Biologist	Primordia	4	-	-	3500	20	Limited Scouter	Collect 10 Ball Mosquitos
Xenotech Research	G★☆	BLADE HQ	Primordia	4	-	-	3500	20	Limited BLADE Wear	Collect 4 T-ray Lights
Thick-Skinned	G☆☆☆☆	Male Mechanic	Sylvalum	4	3	-	10000	100	Melee Attack Up IV	Collect 4 Hard Skins
Party Procurement	G☆☆☆☆	Female NLA Resident	Cauldros	4	3	-	15000	150	Redesigned Tank Top (Red)	Collect 4 Shooting Fireflies
The Next Big Thing	G☆☆☆☆	Apparel Maker Staff	Sylvalum	4	3	-	10000	100	Upgraded BLADE Wear II	Collect 3 Shimmering Silk
Productivity Power-Up	G☆☆☆☆	Male Mechanic	Noctilum	4	3	-	3500	20	Redesigned Tank Top (Army Green)	Collect 4 3D Printers
Indigen Investigation	G☆☆☆☆	Biologist	Noctilum	4	3	-	3500	20	SpecUp.APP-HP IV	Collect 3 Thallus Tails
Skell Repair: Arm	G☆☆☆☆	Female Mechanic	Noctilum	4	3	-	3500	20	Boost.M-ATK IV	Collect 3 Terebra Oil Grease
Lab Rat Run	G☆☆☆☆☆	Medical Researcher	Oblivia	4	3	-	10000	100	Limited Trekware	Collect 8 Denemozumi Mice
De-stressing Delicacy	G☆☆☆☆☆	Diner Chef	Sylvalum	4	3	-	10000	100	Limited Trekpants	Collect 4 Yaya Sesame
Partners in Prototyping	G☆☆☆☆	Meredith & Co.	Noctilum	4	4	-	3500	20	Melee: Phys Res Down IV	Collect 2 Insidia Mohawks
Standing Tall(er)	G☆☆☆☆	Nopon Commerce Guild	Oblivia	4	5	BFFs	3500	20	Redesigned Tank Top (Navy)	Collect 10 Spine-O-Correcter
Must-Have Blobs	G☆☆☆☆☆	Nopon Commerce Guild	Noctilum	4	5	BFFs	3500	20	Redesigned Tank Top (Pink)	Collect 7 Loathsome Blobs
Coolest of the Cool	G☆☆☆☆☆	Dodonga Caravan	Noctilum	4	5	BFFs	3500	20	Limited Jacket	Collect 3 Sharp Germivore Jaws
The Jewelmonger	G★☆☆	Cedric	Primordia	5	-	-	5000	30	Redesigned Tee	Collect 2 Lepyx Sunstones
now someproduct	G★☆☆			5	-	-	5000	30	Redesigned Sport Glasses	Collect 9 twin neworlds?
Rocky Research	G☆☆☆☆☆	Geologist	Sylvalum	5	3	-	5000	50	Slayer.THEROID IV	Collect 4 Grandan Rocks
Garlic 2.0	G☆☆☆☆☆	Integrated Production Plant	Oblivia	5	3	-	5000	30	Redesigned Jacket	Collect 10 Shinuyuni Garlic
A Hard Pill to Swallow	G☆☆☆☆☆	Medical Researcher	Noctilum	5	3	-	5000	30	Redesigned Round Sunglasses	Collect 1 Violet Crystal
Skell Repair: Frame	G☆☆☆☆☆	Male Mechanic	Oblivia	5	3	-	5000	30	Boost.R-ACC IV	Collect 2 Genuine Frames
Octo-suka Leg Surprise	G☆☆☆☆☆	Restaurant Owner	Oblivia	5	3	-	5000	30	Redesigned Black Tank Top	Collect 12 Octo-suka
Recycled Octopi	G★☆	Female Mechanic	Cauldros	5	3	-	5000	100	Upgraded Scouter	Collect 4 Octopus Regulators
Emergency Stores	G★☆	General Store Owner	Noctilum	5	3	-	5000	30	Upgraded Workpants	Collect 10 Katoan Leaves
From Idea to Inventory	G★☆	General Store Manager	Noctilum	5	3	-	5000	30	Upgraded BLADE Wear	Collect 2 Fine Aprica Wood
Partners in Prototyping	G☆☆☆☆	Meredith & Co.	Sylvalum	5	4	-	5000	50	Redesigned Tank Top (Army Yellow)	Collect 2 Vivohast Crescent Hooks
Engrossed in Grosium	G☆☆☆☆	Meredith & Co.	Primordia	5	4	-	5000	30	Upgraded Trekware	Collect 3 Grosium Cores
Nopon Culture 101	G☆☆☆☆☆	Mediators	Cauldros	5	5	BFFs	5000	100	Mechanoid Slayer IV	Collect 5 Dark Lanterns
Extreme Fluffiness	G☆☆☆☆☆	Dodonga Caravan	Noctilum	5	5	BFFs	5000	30	Redesigned Trousers	Collect 3 Green Simius Manes
Indigen Investigation	G★☆	Biologist	Primordia	6	-	-	7500	40	Prime Tank Top (Army Green)	Collect 10 Slimy Tongues
A Precious Legacy	G★☆☆	Reclaimers	Primordia	6	-	-	7500	40	Ultra Limited Tank Top (Purple)	Collect 11 Centrifugal Beam Generators
Can't Make an Omelette...	G★☆☆☆	Restaurant Owner	Primordia	6	-	-	7500	40	Prime Workpants	Collect 3 Meaty Evello Eggs
A Moment of Brilliance	G★☆☆☆	Cafe Manager	Primordia	6	-	-	7500	40	Prime BLADE Wear	Collect 10 Sweet Nerines
The Next Big Thing	G☆☆☆☆	Apparel Maker Staff	Cauldros	6	3	-	7500	50	Resist Sleep VI	Collect 3 Alluring Lophid Extracts
Star Sand Seeker	G☆☆☆☆☆	General Store Owner	Sylvalum	6	3	-	7500	40	Slayer.Piscinoid VI	Collect 1 Star Sand
Rainbow Wingtips	G☆☆☆☆☆	Diner Chef	Cauldros	6	3	-	7500	40	Prime Tank Top (Gray)	Collect 2 Multicolor Murra Wings
Skell Repair: Plunger	G☆☆☆☆☆	Female Mechanic	Sylvalum	6	3	-	7500	40	Prime Tank Top (Blue)	Collect 3 Reinforced Plungers
What's A Taoman	G☆☆☆☆☆	Meteorologist	Sylvalum	6	3	-	7500	40	Prime Tank Top (Pink)	Collect 5 Taoman Acid
What's a Rocambole?	G★☆	Botanist	Oblivia	6	3	-	7500	40	Prime Tank Top (Army Yellow)	Collect 7 Rocamboles
Data Recovery	G★☆	BLADE HQ	Oblivia	6	3	-	7500	40	Ultra Limited Tank Top (Gray)	Collect 1 Missing Drive
An Angelic Accessory	G★☆	Female Blade	Oblivia	6	3	-	7500	40	Ultra Limited Tank Top (Pink)	Collect 8 Angel Stones
Skell Repair: Cylinder	G★☆	Male Mechanic	Sylvalum	6	3	-	7500	40	Ultra Limited Tank Top (Yellow)	Collect 2 New Cylinders
Partners in Prototyping	G★☆☆	General Store Manager	Noctilum	6	3	-	7500	40	Max TP Up VI	Collect 2 Ornate Progen Horns
The Jewelmonger	G★☆☆☆	Omari	Oblivia	6	3	-	7500	40	Prime Turtleneck	Collect 1 Gremlin Stone
The Taste of Tersqual	G★☆☆☆☆	Restaurant Owner	Cauldros	6	3	-	7500	50	Prime Hoodie	Collect 1 Tersqual Eel Kebab
Scaling Up	G★★	Physicist	Noctilum	6	3	-	7500	40	Prime Tee	Collect 3 Scales of Justice
Megajolt Rattle and Roll	G☆☆☆☆	Meredith & Co.	Cauldros	6	4	-	7500	550	Potential Up VI	Collect 7 Megajolt Rattles
A Little Protection	G☆☆☆☆	Male Nopon	Oblivia	6	4	BFFs	7500	40	Resist Stun VI	Collect 4 Whip Scorpions
Partners in Prototyping	G★☆	Candid & Credible	Oblivia	6	5	-	7500	40	Ultra Limited Tank Top (Blue)	Collect 3 Adsecula Oil Drops
And Stay Out!	G☆☆☆☆☆	Drongo Caravan	Cauldros	6	5	BFFs	7500	50	Prime Tank Top (Yellow)	Collect 3 Odorous Tentacles
Nopon Chest	G★☆	Dopang Caravan	Sylvalum	6	5	BFFs	7500	40	Ultra Limited Tank Top (Red)	Collect 5 Starmakers
A Scanner Scheme	G★☆☆	Drongo Caravan	Cauldros	6	5	BFFs	7500	50	Prime Trekware	Collect 3 Voltant Scanners
In Search of New Horizons	G★☆☆	Nopon Commerce Guild	Noctilum	6	5	BFFs	7500	40	Prime Glasses	Collect 7 Logunie's Driftwood Boats
The Care Package	G★☆☆☆	Dodonga Caravan	Noctilum	6	5	BFFs	7500	40	Prime BLADE Pants	Collect 3 Cloudy Eyeballs
The Herbalist	G★★	Female Prone	Oblivia	6	5	Prone Sweet Prone	7500	40	Prime Sport Glasses	Collect 4 Charupa Leaves
boltant something	G★☆☆			6	7	Dead Men Tell No Tales	7500	50	Boost.M-POW VI	Collect 2 berzadoseb things
A New Flavor	G☆☆☆☆☆	Orphean	Cauldros	6	7	Circle of Life	7500	50	Prime Tank Top (Orange)	Collect 3 Iron Akebi Fruits
Gathering Thunder	G★☆☆☆	Male Wrothian	Sylvalum	6	10	A Challenger Approaches	7500	40	Prime Jeans	Collect 6 Thunderbolt Emblems
A Revised Regimen	G★★	Male Wrothian	Cauldros	6	10	A Challenger Approaches	7500	40	Prime Round Sunglasses	Collect 12 Mega Muscle Builders
Indigen Investigation	G★☆☆☆	Biologist	Primordia	7	-	-	10000	50	Upgraded Scouter II	Collect 3 Muscled Simius Bulges
The Emerian Battlegrounds	G☆☆☆☆☆	Historian	Cauldros	7	3	-	10000	50	Draw.OPENING-DMG VIII	Collect 1 Emerian Relic
Sweet Maple Goodness	G★☆	Diner Chef	Cauldros	7	3	-	10000	50	Humanoid Slayer VIII	Collect 2 Maple Oil
Tents by the Ton	G★☆	BLADE HQ	Cauldros	7	3	-	10000	50	Supreme Tee	Collect 6 Bogano Sleeping Bags
A Probing Issue	G★☆	Pathfinders	Cauldros	7	3	-	10000	50	Ultra Limited Round Sunglasses	Collect 1 Damaged Data Probe
Straight from the Hear	G★☆☆	Female BLADE	Oblivia	7	3	-	10000	50	Upgraded Trekpants II	Collect 1 Heart Stone
Research on a Budget	G★☆☆☆	Male BLADE	Noctilum	7	3	-	10000	50	Ultra Limited Jeans	Collect 8 Galjim Crystals
Preparations for War	G★☆☆	Male Prone	Oblivia	7	5	Prone Sweet Prone	10000	50	Upgraded Trekware II	Collect 8 Warbones
The Stick	G★☆☆	Dorian Caravan	Oblivia	7	5	BFFs	10000	50	Upgraded Workpants II	Collect 2 Auravis Croaking Bags
In a Jam	G☆☆☆☆☆	Dodonga Caravan	Primordia	7	9	BFFs,A Girl's Wings	10000	50	Ultra Limited Shorts	Collect 1 Jelly Weeds
Persimmons, Please!	G★☆☆	Male Prone	Sylvalum	8	-	-	15000	60	Supreme Uniform	Collect 3 Shido Persimmons
The Poshest Produce	G★☆☆	Restaurant Owner	Sylvalum	8	3	-	15000	60	Supreme Tank Top (Blue)	Collect 7 Emerald Grapes
Skell Repair: Antenna	G★☆☆	Female Mechanic	Sylvalum	8	3	-	15000	60	Supreme Tank Top (Green)	Collect 2 Ziggian Long Antennae
Skell Repair: Thruster	G★☆☆	Male Mechanic	Cauldros	8	3	-	15000	60	Supreme Tank Top (Black)	Collect 2 Advanced Thrusters
Reclaiming the Whale	G★☆☆☆	Reclaimers	Oblivia	8	3	-	15000	60	Supreme Jeans	Collect 5 5th Gen Recyclers
Bananaleaf Bonanza	G★☆☆☆☆	Café Manager	Noctilum	8	3	-	15000	60	Supreme Round Sunglasses	Collect 5 Bananaleaves
Fell Fashion	G☆☆☆☆☆	Candid & Credible	Sylvalum	8	5	-	15000	60	College Blazer	Collect 11 Shimmering Skins
Test Data Retrieval	G★☆	Candid & Credible	Noctilum	8	5	-	15000	60	Supreme Hoodie	Collect 1 New-Weapon Remains
A New Spark	G★☆☆	Orphean Technologies	Cauldros	8	7	Circle of Life	15000	60	Supreme Trekpants	Collect 9 Rogebra Shockstones
Ovah Overdrive	G★☆☆☆☆	Orphean	Primordia	8	7	Circle of Life	15000	60	Supreme Scouter	Collect 5 Garudo Pellionia Minima
Partners in Prototyping	G★☆☆☆	Factory 1.21	Noctilum	8	7	Professor B's Return	15000	60	Supreme Sunglasses	Collect 1 Ingrown Virago Claw
The Ultimate Pursuit	G★☆☆☆	Orphean	Oblivia	8	7	Circle of Life	15000	60	Supreme Turtleneck	Collect 3 Dobobora Broccoli
Partners in Prototyping	G★★	Six Stars	Primordia	8	10	A Challenger Approaches	15000	60	Dressy Suit	Collect 5 Thick Cinicula Horns
Extreme Pansies	G★☆☆☆	Interceptors	Sylvalum	9	3	-	20000	70	Supreme Tank Top (Orange)	Collect 17 Exploding Pansies
Covert Operations	G★☆☆☆	Pathfinders	Sylvalum	9	3	-	20000	70	Custom Tank Top (Green Camo)	Collect 11 Camocloaks
Mount M'gando Mineralogy	G★☆☆☆	Geologist	Cauldros	9	3	-	20000	70	Custom Tank Top (Yellow Camo)	Collect 1 Mount M'gando Stone
A Spot of Gardening	G★☆☆☆☆	Female NLA Resident	Cauldros	9	3	-	20000	70	Custom Tank Top (Green Camo)	Collect 15 Kyatara Onions
Legacy of the White Whale	G★☆☆☆☆	Energy Development Bureau	Oblivia	9	3	-	20000	70	Philosopher's Uniform	Collect 4 L-002 Degeneration Reactors
From Idea to Inventory	G★☆☆☆☆	General Store Manager	Sylvalum	9	3	-	20000	70	Custom Round Glasses	Collect 1 Lucky Cervus Sapling
The Next Big Thing	G★★	Apparel Maker Staff	Noctilum	9	3	-	20000	70	Supreme Tank Top (Blue Camo)	Collect 1 Distilled Sap
The Phantasmagoric Fan	G★☆☆☆	Dopang Caravan	Sylvalum	9	5	BFFs	20000	70	Supreme Tank Top (Purple)	Collect 2 Green Jacul Wings
Lending a Hand	G★☆☆☆	Drongo Caravan	Cauldros	9	5	BFFs	20000	70	Custom Tank Top (Blue Camo)	Collect 3 Oc-serv Hands
The Carrot	G★☆☆☆☆	Dorian Caravan	Oblivia	9	5	BFFs	20000	70	Custom Tank Top (Blue Camo)	Collect 1 Amber Dilus Eye
The Endless Ring	G★☆☆☆☆	Nopon Commerce Guild	Oblivia	9	5	BFFs	20000	70	Custom Tank Top (Pink Camo)	Collect 6 Ouroboros Bracelets
New Product!	G★☆☆☆☆	Nopon Commerce Guild	Cauldros	9	5	BFFs	20000	70	Supreme Tank Top (Army Yellow)	Collect 4 Nightmare Pineapples
A Desert Deferred	G★☆☆☆	Male Prone	Cauldros	9	5	Prone Sweet Prone	20000	70	Custom Tank Top (Pink Camo)	Collect 12 Planters
A Novel Proposal	G★★	Zaruboggan	Primordia	9	7	Dead Men Tell No Tales	20000	70	Supreme Tank Top (Camo Green)	Collect 24 Tractor Beetles
Gathering Grenades	G★☆☆☆☆	Mediators	Sylvalum	10	3	-	25000	80	Rare Tank Top (Yellow Camp)	Collect 5 Cluster Papayas
Skell Repair: Head	G★☆☆☆☆	Male Mechanic	Cauldros	10	3	-	25000	80	Rare Tank Top (Blue Camo)	Collect 1 Galdr Head
A Community Service	G★☆☆☆☆	Director	Cauldros	10	3	-	25000	80	Rare Tank Top (Pink Camo)	Collect 6 Diord Oil
Beating the Heat	G★★	Sakuraba Industries	Cauldros	10	3	-	25000	80	Rare NVD	Collect 7 Bogano Weeds
Juicy Analysis	G★★	BLADE HQ	Sylvalum	10	3	-	25000	80	Rare Tank Top (Blue Camo)	Collect 8 Intelligent Liquid Metal
The Jewelmonger	G★★	Omari	Sylvalum	10	3	-	25000	80	Custom Diving Mask Custom Diving Pants	Collect  1 Hidden Cantor Hoard
Sumptuous Sleeping	G★★	Dorian Caravan	Noctilum	10	5	BFFs	25000	80	Rare Tank Top (Green Camo)	Collect 10 Eternal Moss
A Hero's Welcom	G★★	Nopon Commerce Guild	Oblivia	10	5	BFFs	25000	80	Rare Halfrim Glasses	Collect 9 Drums of Valor
Bottomless Baggage	G★★	Dopang Caravan	Sylvalum	10	5	BFFs	25000	80	Rare Adhesive Bandage	Collect 1 Thick Coronid Hide
Partners in Prototyping	G★★	Orphean Technologies	Oblivia	10	7	Circle of Life	25000	80	Rare Browline Glasses	Collect 1 Quality Vigent Claw
Incomprehensible Weapon	G★★	Factory 1.21	Sylvalum	10	7	Professor B's Return	25000	80	Rare Tank Top (Pink Camo)	Collect 19 Brilliant Green Liquid									
Miranium Request	S☆	Miranium Researcher	Industrial District	1	-	-	1500	10	Max HP Up II	Deliver 700g of Miranium
Miranium Request	S☆	Integrated-Plant Developer	Industrial District	1	-	-	1500	10	Bargain Tank Top (Orange)	Deliver 1200g of Miranium
Search Request	S☆	Male BLADE	Primordia	1	5	Nine Lives	1500	10	Bargain Tank Top (Pink),Labrador	Find dog at Biahno River (NOT REPEATABLE)
Miranium Request	S☆☆	Male Mechanic	Admin District	2	-	-	2500	10	Ranged Accuracy Up II	Deliver 1800g of Miranium
Miranium Request	S☆☆☆	Sakuraba Worker	Commercial Dist	3	-	-	3000	20	Limited Tank Top (Green)	Deliver 2400g of Miranium
Miranium Request	S☆☆☆☆☆	Meredith Worker	Admin District	5	4	-	5000	30	Redesigned Jeans	Deliver 4000g of Miranium
Miranium Request	S☆☆☆☆	New LA Waterworks Chief	Residential Dist	6	-	-	7500	40	Melee: Beam Res Down VI	Deliver 3600g of Miranium
Miranium Request	S★☆☆	Male Ma-non	Ma-non Ship	6	5	-	7500	40	Ultra Limited Tank Top (Orange)	Deliver 5700g of Miranium
Search Request	S★☆	Male BLADE	Oblivia	6	5	Nine Lives	7500	40	Prime Tank Top (Violet),Silver Tabby	Find runaway cat at King's Falls (NOT REPEATABLE)
Miranium Request	S★☆☆☆	Orphean	Ma-non Ship	6	7	Circle of Life	7500	40	Prime Trousers	Deliver 7000g of Miranium
Search Request	S★☆☆☆	Male BLADE	Noctilum	7	5	Nine Lives	10000	50	Ultra Limited Turtleneck,Calico	Find runaway cat in Qing Long Glade (NOT REPEATABLE)
Miranium Request	S★☆☆☆	Xeno Anthropologist	Industrial District	8	-	-	15000	60	Supreme Workpants	Deliver 9300g of Miranium
Search Request	S★☆☆	Male BLADE	Sylvalum	8	-	Nine Lives,A Girl's Wings	15000	60	Supreme Tank Top (Pink),Beagle	Find runaway dog at Cavernous Abyss NOT REPEATABLE
Miranium Request	S★★	Nopon CG Buyer	Commercial Dist	10	5	BFFs	25000	80	Rare Round Glasses	Deliver 12000g of Miranium
Search Request	S★★	Male BLADE	Cauldros	10	5	Nine Lives	25000	80	Agent's Suit,Dalmation	Find doge at Mt. M'gando NOT REPEATABLE
Miranium Exchange	S☆☆☆☆☆	May May	Ma-non Ship	-	5	-	10000	-	-	Deliver 10,000g of Miranium
Miranium Exchange	S☆☆☆☆☆	May May	Ma-non Ship	-	6	The Membership	20000	-	-	Deliver 10,000g of Miranium
Miranium Exchange	S☆☆☆☆☆	May May	Ma-non Ship	-	6	The Silver Membership	50000	-	-	Deliver 10,000g of Miranium
Miranium Exchange	S☆☆☆☆☆	May May	Ma-non Ship	-	9	The Gold Membership	75000	-	-	Deliver 10,000g of Miranium
Miranium Exchange	S☆☆☆☆☆	May May	Ma-non Ship	-	12	The Platinum Membership	100000	-	-	Deliver 10,000g of Miranium
New Orders	S☆☆☆☆	Vandham	BLADE Barracks	-	3	Pre Chp4	-	-	-	Start Chapter 4
Marry Me!	S☆☆☆☆	Cedric	Residential Dist	-	3	-	-	100	-	Start Hope Springs Eternal
Leafy Learning	S☆☆☆☆	Sullivan	Industrial Dist	-	3	Noctilum>15%	-	-	-	Start Forest Foray
New Orders	S☆☆☆☆	Vandham	BLADE Barracks	-	4	Pre Chp5	-	-	-	Start Chapter 5
Backup Request	S☆	Phog	Residential Dist	-	4	-	-	-	-	Start Foggy Dilemma
Guinea Pigs Wanted!	S☆	Alexa	Industrial Dist	-	4	-	-	-	-	Start Weaponized
Find the Freighter	S☆☆☆☆	Roscoe	Industrial Dist	-	4	-	-	-	-	Start A Proper Chopper
New Orders	S☆☆☆☆	Vandham	BLADE Barracks	-	5	Pre Chp6	-	-	-	Start Chapter 6
Backup Request	S☆	Bozé	Admin District	-	5	-	-	-	-	Start The Mad Monk
Securing Our Safety	S☆	Ajoa	Residential Dist	-	5	-	-	-	-	Start Water Woes
Skell Maintenance	S☆	Matthew	Industrial District	-	5	-	-	-	-	Start The Pip-Squeak
Calling All Testers!	S☆	Tutura	Admin District	-	5	-	-	-	-	Start That's In-Credible!
The Rescue Request	S☆	Sevvy Belgazus	Ma-non Ship	-	5	Prone Sweet Prone	-	-	-	Start Tree-mendous
A Covert Rescue	S☆	Stella	Admin District	-	5	Oblivia>40%	-	-	-	Start Prone Sweet Prone
New Orders	S☆☆☆☆	Vandham	BLADE Barracks	-	6	Pre Chp7	-	-	-	Start Chapter 7
Skell License	S☆	Vandham	BLADE Barracks	-	6	-	-	-	-	Start The Skell License
Miranium for Fun and Profit	S☆	May May	Ma-non Ship	-	6	Planetary Pioneer (Part III)	-	-	-	Start The Membership
The Scars of War	S☆☆☆☆☆	Hala Gorida	Ma-non Ship	-	6	Prone Sweet Prone	-	-	-	Start A Grim Undertaking
Top-Secret Mission	S☆	Julius	Admin District	-	6	Noctilum>30%	-	-	-	Start Rescue at the Ensconced Citadel
New Orders	S☆☆☆☆☆	Vandham	BLADE Barracks	-	7	Pre Chp8	-	-	-	Start Chapter 8
A Concerned Citizen	S☆	Alex	Commercial Dist	-	7	-	-	-	-	Start Alien Nation
Ambush	S☆	Lara Nara	Admin District	-	7	Spoken to Suriella	-	-	-	Start Attack on Biahno Hills
A Practice Partner	S☆	Zarch Quokett	Ma-non Ship	-	7	Prone Sweet Prone	-	-	-	Start Training Day
Departure's Eve	S☆	Kun'luarb	Residential Dist	-	7	Sun'celeg Rises	-	-	-	Start The Journey Begins
The Search for Kun'luarb	S☆	Kon'luarb	Residential Dist	-	7	The Journey Begins,Water Woes	-	-	-	Start Circle of Life
Anomaly Analysis	S☆	Julius	Commercial Dist	-	7	Circle of Life	-	-	-	Start Going Viral
Tech Supply	S☆	Tan'celeg	Industrial District	-	7	Circle of Life,Lakeside Getaway	-	-	-	Start Good Neighbors
Buddies on the Brink	S☆	Trachlo Lythren	Industrial District	-	7	A Dubious Operation	-	-	-	Start The Voltant Visionary
Rendezvous at the Lab!	S☆	Veven	Industrial District	-	7	Mystery Man	-	-	-	Start Professor B's Return
Scouting in Secret	S☆	Stella	Admin District	-	7	Primordia>50%	-	-	-	Start Dead Men Tell No Tales
In Need of a Hand	S☆	Shiraton	Commercial Dist	-	7	Dead Men Tell No Tales	-	-	-	Start A Dubious Operation
New Orders	S☆☆☆☆☆	Vandham	BLADE Barracks	-	8	Pre Chp9	-	-	-	Start Chapter 9
Find My Doc!	S☆	Jalimbo	Residential Dist	-	8	The Miracle Maker	-	-	-	Start Rites of Ruin
New Orders	S★☆	Vandham	BLADE Barracks	-	9	Pre Chp10	-	-	-	Start Chapter 10
Flight Module	S☆	Vandham	Industrial District	-	9	-	-	-	-	Start A Girl's Wings
Escort Requested	S☆	Alice	Residential Dist	-	9	Shotgun Diplomacy	-	-	-	Start The Line of Fire
Misery of Moimoi!	S☆	Moimoi	Industrial District	-	9	Setting Forth	-	-	-	Start Muimui's Meltdown
Top-Secret Mission	S☆	Stella	Admin District	-	9	Prone Sweet Prone	-	-	-	Start Cavern Crushers
Tree Lovers Only	S☆	Naza Tenpanzi	Residential Dist	-	9	Circle of Life,Prone Sweet Prone,Noctilum>45%	-	-	-	Start Herbivores, Unite!
New Orders	S★☆	Vandham	BLADE Barracks	-	10	Pre Chp11	-	-	-	Start Chapter 11
Weapons Cleanup Crew	S☆	Lara Mara	Admin District	-	10	-	-	-	-	Start Waste Not, Want Not
Team Corwin in Crisis	S☆	Raleigh	Admin District	-	10	Frontier Spirit	-	-	-	Start Unknown Assailant
Settling the Score	S☆	Eliza	Residential Dist	-	10	The Line of Fire	-	-	-	Start Alex's Last Stand
A Miranium Problem	S☆	San'luarb	Industrial Dist	-	10	No-show Nen'celeg,Planetary Pioneer (Part IV)	-	-	-	Start Orphean Pluck
Wanted: Miranium Expert	S☆	Go Sirho	Commercial Dist	-	10	A Challenger Approaches,Orphean Pluck	-	-	-	Start Wrothian Innovation
Under the Weather	S☆	Nan'celeg	Ma-non Ship	-	10	Rescue at the Ensconced Citadel	-	-	-	Start House Call
In Support of Science	S☆	Min'barac	Residential Dist	-	10	BFFs,Circle of Life,Prone Sweet Prone	-	-	-	Start The Bug Whisperer
The Call to Counterattack	S☆	HT665: Erio	Industrial District	-	10	Attack on Biahno Hills,Rites of Ruin,Alex's Last Stand	-	-	-	Start Good Fortun
A Question of Causes	S☆	Enrai	Industrial Dist	-	10	Waste Not, Want Not	-	-	-	Start Turf War
New Orders	S★☆☆	Vandham	BLADE Barracks	-	11	Pre Chp12	-	-	-	Start Chapter 12
Partner Wanted	S☆	Muimui	Commercial Dist	-	11	Bread and a Circus	-	-	-	Start The Sword of Legendaryness
The Final Faceoff	S☆	HT665: Erio	Commercial Dist	-	11	Professor B's Return,Good Fortun	-	-	-	Start Definian Downfall
Top-Secret Mission	S☆	Lara Mara	Admin District	-	11	Waste Not, Want Not	-	-	-	Start White Lifehold
One Little Problem	S☆	Bihabba	Ma-non Ship	-	12	-	-	-	-	Start Snipe Hunt
Hailing the Chief!	S☆	Mia	Admin District	-	12	Mia is Missing!	-	-	-	Start Mia Grows Up
Search Support Request	S☆	Sherry	Admin District	-	12	Lionhearted	-	-	-	Start Cooking Schooled
A President Not Present	S☆	Veven	Industrial Dist	-	12	Definian Downfall,Professor B's Return	-	-	-	Start Professorial										
Off the Record	B★★	???	Admin District	-	-	Archaeological Skill lv 4	-	300	Archaeological Skill lv 5	Defeat Calore, the Lava Walker in Cauldros Discover Sentinel's Nest in Noctilum Obtain 10 White Forfex Shells Talk to Solan, Resid Area, SW of park, 5:00~6:59
Off the Record	B★★	???	Admin District	-	-	Mechanical Skill lv 4	-	300	Mechanical Skill lv 5	You need to defeat Lyla’s Galdr, it appears NE of Lake Ciel in Sylvalum between 5:00~7:00. It will appear beneath the Noctilucent Sphere and fly north to a cliff, where it will wait until disappearing at 7:00. Discover Mount Edge Peak in Oblivia Obtain 6 Savage Sketches (on beach near FN 515. May take a while. ) Talk to Solan, Residential District, S of Water Plant, 17:00~18:59
Off the Record	B★★	???	Admin District	-	-	Biological Skill lv 4	-	300	Biological Skill lv 5	Defeat 10 Acid Dilus in Noctilum Obtain 8 Harcorns Obtain 10 Auravis Courtship Feathers Talk to Solan, NW Outfitter's Test Hangar, 19:00~23:59